window,seed,epochs_run,selected_epoch,train_seconds,best_val_mse,gpu_peak_mb,train_n,valid_n,test_n,threshold,valid_accuracy,valid_precision,valid_recall,valid_f1,valid_average_precision,valid_roc_auc,valid_false_positive_rate,valid_miss_rate,valid_tn,valid_fp,valid_fn,valid_tp,test_accuracy,test_precision,test_recall,test_f1,test_average_precision,test_roc_auc,test_false_positive_rate,test_miss_rate,test_tn,test_fp,test_fn,test_tp,valid_f1_delta_vs_20_pp,test_f1_delta_vs_20_pp,test_recall_delta_vs_20_pp,test_false_positive_rate_delta_vs_20_pp
10,42,800,699,788.0898799619999,0.00014046527731724465,87.63623046875,14850,1180,4022,0.0003211656876374036,0.9288135593220339,0.8970588235294118,0.8133333333333334,0.8531468531468531,0.938128834278001,0.9709166666666667,0.031818181818181815,0.18666666666666668,852,28,56,244,0.9860765788165092,0.6829268292682927,0.8316831683168316,0.7500000000000001,0.8311034078014096,0.9770163703439969,0.009946442234123947,0.16831683168316833,3882,39,17,84,-4.061368648215202,14.097744360902265,2.970297029702962,-1.1476664116296864
10,43,717,597,722.481815092,0.00012871875045344827,87.63623046875,14850,1180,4022,0.0005233673728071153,0.9415254237288135,0.9391634980988594,0.8233333333333334,0.877442273534636,0.9581194052900586,0.9822878787878788,0.01818181818181818,0.17666666666666667,864,16,53,247,0.9898060666335157,0.8125,0.7722772277227723,0.7918781725888325,0.8484599773343773,0.9804808330871343,0.0045906656465187455,0.22772277227722773,3903,18,23,78,2.565351714622033,25.230982726509154,2.970297029702973,-2.1423106350420813
10,44,800,789,778.6864308269996,0.00014111595568961507,87.63623046875,14850,1180,4022,0.00027253947337158024,0.9415254237288135,0.8737864077669902,0.9,0.8866995073891626,0.9581910976533858,0.9819545454545455,0.04431818181818182,0.1,841,39,30,270,0.9743908503232223,0.49411764705882355,0.8316831683168316,0.6199261992619927,0.8151480194479404,0.9727564952363638,0.021933180311145117,0.16831683168316833,3835,86,17,84,1.4150487781319443,-1.4402158946962618,-0.990099009900991,0.10201479214486109
20,42,800,744,788.2576281270003,0.003120038370517167,100.5068359375,14850,1180,4022,0.004440032411366701,0.9466101694915254,0.9044368600682594,0.8833333333333333,0.8937605396290051,0.957165925872615,0.9768522727272726,0.031818181818181815,0.11666666666666667,852,28,35,265,0.9741422178020885,0.4909090909090909,0.801980198019802,0.6090225563909775,0.803285332331035,0.972933253539585,0.02142310635042081,0.19801980198019803,3837,84,20,81,0.0,0.0,0.0,0.0
20,43,800,763,778.6605166539994,0.002844451791183515,100.5068359375,14850,1180,4022,0.00228827353566885,0.926271186440678,0.8710801393728222,0.8333333333333334,0.8517887563884157,0.9158368371597198,0.9481212121212121,0.042045454545454546,0.16666666666666666,843,37,50,250,0.9681750372948782,0.423728813559322,0.7425742574257426,0.539568345323741,0.7029959931615107,0.9469295820171152,0.026013771996939557,0.25742574257425743,3819,102,26,75,0.0,0.0,0.0,0.0
20,44,800,747,778.443059141,0.0036130724601786245,100.5068359375,14850,1180,4022,0.004114802461117506,0.9338983050847458,0.8557692307692307,0.89,0.8725490196078431,0.9461226198526991,0.9721363636363636,0.05113636363636364,0.11,835,45,33,267,0.9756340129288911,0.5089820359281437,0.8415841584158416,0.6343283582089553,0.8053066318243621,0.9775289694233386,0.020913032389696506,0.15841584158415842,3839,82,16,85,0.0,0.0,0.0,0.0
30,42,617,497,602.214317721,0.0067577534990215845,113.3212890625,14850,1180,4022,0.02319907955825329,0.8872881355932203,0.7702265372168284,0.7933333333333333,0.7816091954022988,0.8811756951405267,0.9373863636363637,0.08068181818181819,0.20666666666666667,809,71,62,238,0.9584783689706614,0.3486238532110092,0.7524752475247525,0.4764890282131662,0.7133358270875187,0.9437226813729575,0.03621525121142566,0.24752475247524752,3779,142,25,76,-11.215134422670637,-13.253352817781128,-4.950495049504955,1.4792144861004848
30,43,556,436,540.8008725010004,0.006757782501253215,113.3212890625,14850,1180,4022,0.028978465124964714,0.8932203389830509,0.8,0.7733333333333333,0.7864406779661017,0.8840223609359459,0.943935606060606,0.0659090909090909,0.22666666666666666,822,58,68,232,0.9636996519144704,0.38461538461538464,0.7425742574257426,0.5067567567567568,0.693108944652202,0.9550377378977377,0.030604437643458302,0.25742574257425743,3801,120,26,75,-6.534807842231394,-3.2811588566984184,0.0,0.45906656465187456
30,44,471,351,463.0644959659994,0.0071880826133896005,113.3212890625,14850,1180,4022,0.028804829344153404,0.9,0.7973856209150327,0.8133333333333334,0.8052805280528054,0.9030725966291642,0.9545492424242424,0.07045454545454545,0.18666666666666668,818,62,56,244,0.961959224266534,0.3761904761904762,0.7821782178217822,0.5080385852090032,0.7167858786825986,0.9540832430603428,0.03340984442744198,0.21782178217821782,3790,131,22,79,-6.726849155503778,-12.628977299995203,-5.940594059405935,1.2496812037745473
