epoch,loss,val_loss,lr,epoch_seconds
0,0.040885372887732405,0.027273164757273413,0.0010000000474974513,0.9258832470004563
1,0.03157040356636449,0.02526270601559769,0.0010000000474974513,0.8862160440003208
2,0.029778590409041253,0.025288069620728493,0.0010000000474974513,0.9166739980000784
3,0.029455497516225084,0.024616132117807867,0.0010000000474974513,0.9108115039998665
4,0.029198601752619954,0.025039065595377576,0.0010000000474974513,0.903563495000526
5,0.029024554302144533,0.024208371425894173,0.0010000000474974513,0.9951037299997552
6,0.028831237450693593,0.024268456548452378,0.0010000000474974513,1.2692832479997378
7,0.028499732817764637,0.023790381984277204,0.0010000000474974513,1.3281334860002971
8,0.02835161081995025,0.02443369935182008,0.0010000000474974513,0.9236144010001226
9,0.028271842221870565,0.02363702343268828,0.0010000000474974513,0.9164480899999035
10,0.027964070352791536,0.02339520403607325,0.0010000000474974513,0.9085183719998895
11,0.02755365621762645,0.030170893702994694,0.0010000000474974513,0.896842901999662
12,0.029197369540981972,0.02348107382316481,0.0010000000474974513,0.9155759690002014
13,0.026806394138219784,0.028440707752650434,0.0010000000474974513,0.9338302080004723
14,0.02697463470476645,0.023744047704068096,0.0010000000474974513,0.9404009110003244
15,0.025095072240389957,0.020723166621544144,0.0010000000474974513,0.9618426150000232
16,0.0225451685831904,0.0193651540374214,0.0010000000474974513,0.9266755740000008
17,0.021674577711708217,0.019740050624717367,0.0010000000474974513,0.9524596739993285
18,0.020896346302144857,0.022581651112572713,0.0010000000474974513,1.0591054169999552
19,0.021267637691338256,0.018194745311682876,0.0010000000474974513,1.336443352999595
20,0.02006538540827305,0.021062608486549422,0.0010000000474974513,1.3800769769995895
21,0.019969138373630214,0.017099260090088303,0.0010000000474974513,0.9796101590000035
22,0.019315057448817022,0.01859748662364754,0.0010000000474974513,0.9913487570001962
23,0.019136120634222473,0.017462690140713343,0.0010000000474974513,0.9831712020004488
24,0.01903998588798223,0.01684717784043063,0.0010000000474974513,0.9500569510000787
25,0.018436756527885442,0.017599661716006017,0.0010000000474974513,0.9642680839997411
26,0.01840379296215596,0.016049896206029438,0.0010000000474974513,0.9567423230000713
27,0.017878415566251336,0.018465284164994954,0.0010000000474974513,0.9478855010002007
28,0.017955131207150643,0.015892290459437804,0.0010000000474974513,0.9054581740001595
29,0.01750470921397209,0.016797587267038498,0.0010000000474974513,0.8968454260002545
30,0.017528741319447455,0.015802696550434286,0.0010000000474974513,0.9032683250006812
31,0.017175753574178675,0.015556052648885684,0.0010000000474974513,1.1532813419999002
32,0.01706864425906228,0.01537975457242944,0.0010000000474974513,1.3013261109999803
33,0.01693355187108922,0.01590349572626027,0.0010000000474974513,1.1907281130006595
34,0.01702794822052071,0.017486907203089107,0.0010000000474974513,0.9032985140001983
35,0.016941611103287048,0.014997419545596297,0.0010000000474974513,0.9060999109997283
36,0.01653065608958604,0.014573952530256727,0.0010000000474974513,0.9012779730001057
37,0.01636101590889672,0.01445447573099624,0.0010000000474974513,0.90822844899958
38,0.016232875516820035,0.014248427181420002,0.0010000000474974513,0.8821947739997995
39,0.01608605299483646,0.014716405463828281,0.0010000000474974513,0.8946450809999078
40,0.01599959512451281,0.01394041944295168,0.0010000000474974513,0.8901511910007684
41,0.015838748309698572,0.014050696688619527,0.0010000000474974513,0.8740097820000301
42,0.015745107484887343,0.013681405096907507,0.0010000000474974513,0.8876854379996075
43,0.015646823661445767,0.014288581044159152,0.0010000000474974513,0.9111928949996582
44,0.01550577132250825,0.014178252118554982,0.0010000000474974513,1.0403956919999473
45,0.015518163801970505,0.01352060344916853,0.0010000000474974513,1.265188436000244
46,0.015308638931775736,0.014420702443881469,0.0010000000474974513,1.3032586399995125
47,0.01546397062564137,0.013713771214878018,0.0010000000474974513,0.8958709560001807
48,0.015226385036878514,0.013352606039155614,0.0010000000474974513,0.9020050569997693
49,0.01508349581047742,0.01512065783820369,0.0010000000474974513,0.8996530499998698
50,0.015201146936276144,0.015063487653705207,0.0010000000474974513,0.8948197330000767
51,0.015208244231915233,0.013921462625942446,0.0010000000474974513,0.9013713879994611
52,0.01512176438388399,0.0131030508401719,0.0010000000474974513,0.9035362989998248
53,0.014837471753208323,0.01444162346253341,0.0010000000474974513,0.9086886869999944
54,0.015082312525447571,0.013079638161103834,0.0010000000474974513,0.8975798640003632
55,0.014730996768608036,0.013036207092756574,0.0010000000474974513,0.8887668670004132
56,0.014709115270462501,0.0139988877217878,0.0010000000474974513,0.9038773259999289
57,0.014774391151688717,0.013891791577704928,0.0010000000474974513,0.9228367319992685
58,0.014813353976404126,0.01255902691998265,0.0010000000474974513,1.2850354439997318
59,0.01454576848030893,0.015532650028101423,0.0010000000474974513,1.3300306490000366
60,0.014950184521676114,0.012767325189303269,0.0010000000474974513,0.9857116009998208
61,0.014473642227725951,0.013494852227582173,0.0010000000474974513,0.8807307800007038
62,0.014654288147435043,0.012572268464348533,0.0010000000474974513,0.9018234889999803
63,0.01443136743536401,0.012677161192352121,0.0010000000474974513,0.9057064039998295
64,0.014368943881105494,0.012487175544215873,0.0010000000474974513,0.8976302709997981
65,0.014384802990037986,0.01321357675743374,0.0010000000474974513,0.877322921999621
66,0.014483591357390286,0.012451343788680706,0.0010000000474974513,0.887246887999936
67,0.01425489639192318,0.012556032921102914,0.0010000000474974513,0.8851740019999852
68,0.014235254337490608,0.01221948823129589,0.0010000000474974513,0.9010358510004153
69,0.01417324677824673,0.0124431364830922,0.0010000000474974513,0.9004291310002372
70,0.01419897604645904,0.012119913922453469,0.0010000000474974513,0.9131958029993257
71,0.014025053050532085,0.012598707603121345,0.0010000000474974513,1.233631398000398
72,0.014010490927130284,0.012543974892998284,0.0010000000474974513,1.296056746999966
73,0.013987439536436238,0.011980489836159078,0.0010000000474974513,1.1272665080005027
74,0.013972758721773473,0.012596622414209627,0.0010000000474974513,0.8894231889998991
75,0.014010769387437439,0.013087434787303209,0.0010000000474974513,0.88320417200066
76,0.013976504229485789,0.012548042952337048,0.0010000000474974513,0.9299216660001548
77,0.013971766361383477,0.013022175498984077,0.0010000000474974513,0.8950744969997686
78,0.014299371784634462,0.013389075488190759,0.0010000000474974513,0.9041896859998815
79,0.014100468323788659,0.011859107970006087,0.0010000000474974513,0.8987637319996793
80,0.013746639587461747,0.012396121101284569,0.0010000000474974513,0.9008180459995856
81,0.013763517774390652,0.012353054544126446,0.0010000000474974513,0.8952606269995158
82,0.013747843407244996,0.011927161259915341,0.0010000000474974513,0.9015357769994807
83,0.013647332334395511,0.01175653476014056,0.0010000000474974513,0.8851587569997719
84,0.01354135340336798,0.012559960020536725,0.0010000000474974513,1.095107746999929
85,0.013766647955960899,0.011460230609571392,0.0010000000474974513,1.2723757610001485
86,0.013618268118763613,0.013477083524181085,0.0010000000474974513,1.2332992089995969
87,0.013825466712428765,0.011443528456782754,0.0010000000474974513,0.8936941940000906
88,0.013574224408176612,0.017021851368587127,0.0010000000474974513,0.8721950190001735
89,0.014696004763998167,0.012679981910200281,0.0010000000474974513,0.9159266050000952
90,0.013965775153101092,0.013720931646160103,0.0010000000474974513,0.8931517800001529
91,0.013915658352476379,0.01140940929763019,0.0010000000474974513,0.8951896599992324
92,0.013368810998144173,0.011716289521956986,0.0010000000474974513,0.9003498980000586
93,0.013353097002313595,0.012527429659596898,0.0010000000474974513,0.9328646929998285
94,0.013434130863132903,0.012193578117611733,0.0010000000474974513,0.9145146010005192
95,0.013498902861844209,0.011304406106302683,0.0010000000474974513,0.9096103490001042
96,0.013195138129120322,0.017720125530931084,0.0010000000474974513,0.8973855450003612
97,0.018418535118803432,0.013523277750408107,0.0010000000474974513,0.991651192000063
98,0.01475635007538077,0.01226399549367753,0.0010000000474974513,1.274289697000313
99,0.014209458306933494,0.012273993419313973,0.0010000000474974513,1.3169917109999005
100,0.014034080465233285,0.012394248448650945,0.0010000000474974513,0.8996151679994
101,0.013856204035582164,0.011484259760684588,0.0010000000474974513,0.8963077059997886
102,0.013590410890101583,0.0113840912849727,0.0010000000474974513,0.8835017279998283
103,0.013501910128025495,0.011663620923222467,0.0010000000474974513,0.9111291910003274
104,0.01344572007756442,0.011367513484914195,0.0010000000474974513,0.8981181460003427
105,0.013319679865557136,0.0113919158000499,0.0010000000474974513,0.8881693720004478
106,0.013258249205772323,0.012129053608937696,0.0010000000474974513,0.8871902820001196
107,0.013531841051197212,0.011025096306746656,0.0010000000474974513,0.9221029580003233
108,0.01308035012002194,0.011251929626715455,0.0010000000474974513,0.954896385000211
109,0.01293659140101888,0.011416528014127503,0.0010000000474974513,0.9382265869999173
110,0.012864140815255217,0.011478986028073863,0.0010000000474974513,0.9863048130000607
111,0.01289317453687741,0.011080965577540073,0.0010000000474974513,1.3139924240003893
112,0.012844718983428245,0.012183278062465516,0.0010000000474974513,1.3508889369995813
113,0.012850128229243385,0.011436970193277706,0.0010000000474974513,0.9587064329998611
114,0.012518113689365411,0.010866486010226337,0.0010000000474974513,0.9039771150000888
115,0.012395570328716276,0.010894949264316396,0.0010000000474974513,0.9021378809993621
116,0.012284673826035226,0.01101157249967483,0.0010000000474974513,0.90103943899976
117,0.012411513347743135,0.011167456497522918,0.0010000000474974513,0.8911806350006373
118,0.012288725023167302,0.010716123282062737,0.0010000000474974513,0.8968459970001277
119,0.011993045100584777,0.01035394891673191,0.0010000000474974513,0.8961196380005276
120,0.011838138787960164,0.010348192267966542,0.0010000000474974513,0.9108211440006926
121,0.01173249498072397,0.01050756495361301,0.0010000000474974513,0.9090743810002095
122,0.011649080575114549,0.010309301117773761,0.0010000000474974513,0.9088802899996153
123,0.011606184040958232,0.013250191425057975,0.0010000000474974513,0.908852585999739
124,0.012452034754459104,0.010463956489481709,0.0010000000474974513,1.2432117010002912
125,0.011433632231446026,0.011950272190469232,0.0010000000474974513,1.2808926380002958
126,0.011845650960650508,0.010288429323753174,0.0010000000474974513,1.0865952570002264
127,0.011263707620201489,0.01055629569613798,0.0010000000474974513,0.9153645830001551
128,0.011166132470273009,0.011186725908721036,0.0010000000474974513,0.9100530999994589
129,0.011779036518148702,0.012769024759869683,0.0010000000474974513,0.9135464209994097
130,0.011550964852073778,0.010439386451616883,0.0010000000474974513,0.927739138999641
131,0.011039942848160612,0.00972330877557397,0.0010000000474974513,0.9298872660001507
132,0.010826304400910432,0.01028103376738727,0.0010000000474974513,0.9112502899997708
133,0.01087165527886112,0.009964622603729368,0.0010000000474974513,0.9352122609998332
134,0.010822162060098416,0.010199822625145316,0.0010000000474974513,0.9021408239996163
135,0.010692327374761754,0.009466426379301332,0.0010000000474974513,0.9189842079995287
136,0.01042610201125444,0.00934268557889895,0.0010000000474974513,0.9029061159999401
137,0.010374221924178126,0.010531071175567128,0.0010000000474974513,1.1883518040003764
138,0.010493828107411613,0.009206120881505988,0.0010000000474974513,1.3087907089993678
139,0.01027897551110146,0.009229617481204596,0.0010000000474974513,1.132262768000146
140,0.01015868221970921,0.012358278180049224,0.0010000000474974513,0.9132118620000256
141,0.010606110249379469,0.009563114811581645,0.0010000000474974513,0.9017851130001873
142,0.01012629088553716,0.010193686026402495,0.0010000000474974513,0.9046560839997255
143,0.010164468496260218,0.011010353627022016,0.0010000000474974513,0.8966773300007844
144,0.010433601469102532,0.00965218013999137,0.0010000000474974513,0.9043305810000675
145,0.010049298192164312,0.01678867181763053,0.0010000000474974513,0.9156452549996175
146,0.01236553274233032,0.009574008572169326,0.0010000000474974513,0.9174485539997477
147,0.01018682818088417,0.009270239477469163,0.0010000000474974513,0.8910302819995195
148,0.009907134956984408,0.009088266649368135,0.0010000000474974513,0.9086066840000058
149,0.00975902693289699,0.008896738625216213,0.0010000000474974513,0.9016922589999012
150,0.009743557004352109,0.008976701765575192,0.0010000000474974513,1.1128572600000552
151,0.00960712051978617,0.009060872197997841,0.0010000000474974513,1.259560376999616
152,0.009595180697086885,0.009548267827961933,0.0010000000474974513,1.2139671839995572
153,0.009811917704087918,0.009397442122413353,0.0010000000474974513,0.8802444390003075
154,0.009672362362269801,0.009907499607652425,0.0010000000474974513,0.9053294730001653
155,0.010397099443658032,0.008842510924759236,0.0010000000474974513,0.9139329480003653
156,0.009474000936618657,0.008905535250563514,0.0010000000474974513,0.9102633339998647
157,0.009489750152309535,0.00891656865450469,0.0010000000474974513,0.9243628859994715
158,0.009302868592217314,0.008763074404983359,0.0010000000474974513,0.8970948969999881
159,0.009211228621703406,0.009243037119846453,0.0010000000474974513,0.9051836950002325
160,0.009253542298068502,0.010365765943953937,0.0010000000474974513,0.9063888560003761
161,0.009491869482252533,0.00882631067440591,0.0010000000474974513,0.8919691450000755
162,0.009140872409009071,0.009512375248596073,0.0010000000474974513,0.896882676000132
163,0.009116730385895831,0.008544559078291058,0.0010000000474974513,1.0524679099999048
164,0.008963168520066473,0.008561824215576053,0.0010000000474974513,1.2647707630003424
165,0.009000719884278799,0.008686423288996924,0.0010000000474974513,1.3025727759995789
166,0.008953100050037558,0.009492456938394091,0.0010000000474974513,0.9096330640004453
167,0.009148346760909164,0.008491008428179405,0.0010000000474974513,0.8914112150005167
168,0.008866397208135939,0.008750176535580646,0.0010000000474974513,0.9175551349999296
169,0.00880804262484615,0.01077600712041286,0.0010000000474974513,0.9580580480005665
170,0.009395556485763302,0.008744008381935684,0.0010000000474974513,0.9139456489992881
171,0.008836886663403777,0.010098156205971133,0.0010000000474974513,0.9078727149999395
172,0.00897330760479174,0.009042883634736593,0.0010000000474974513,0.8985534359999292
173,0.008922016425089604,0.009036202246153896,0.0010000000474974513,0.8962307960000544
174,0.008697268042073707,0.009822657890617847,0.0010000000474974513,0.8952734579997923
175,0.008829639307489801,0.00877354722470045,0.0010000000474974513,0.8957851850000225
176,0.008641809873872433,0.008325147158889608,0.0010000000474974513,0.9676202979999289
177,0.0084823525411011,0.008922003277323462,0.0010000000474974513,1.2844937160007248
178,0.00873718858781186,0.008402002789080144,0.0010000000474974513,1.3288085150006737
179,0.008476232714474402,0.00836938325823708,0.0010000000474974513,0.9244446550001157
180,0.00858425027957368,0.008510387379845436,0.0010000000474974513,0.9053842160001295
181,0.008408890833030846,0.012172530312091112,0.0010000000474974513,0.9003086899992923
182,0.008953541173264133,0.008138028671965003,0.0010000000474974513,0.8918074220000562
183,0.008288271541547293,0.008413818554783408,0.0010000000474974513,0.8974089550001736
184,0.00829552051689639,0.011039015096188947,0.0010000000474974513,0.9031741859998874
185,0.008653800260865126,0.00883341243659908,0.0010000000474974513,0.9027961340007096
186,0.008541369316879948,0.008986374134705825,0.0010000000474974513,0.9173192069993092
187,0.008296925217440031,0.008492669535123488,0.0010000000474974513,0.8997164190004696
188,0.008150570110389681,0.008352506160736083,0.0010000000474974513,0.9029145999993489
189,0.008180160922365207,0.008211782062426209,0.0010000000474974513,0.9051844310006345
190,0.008049628315211246,0.010862135273319754,0.0010000000474974513,1.2480708169996433
191,0.00839736675486119,0.008151577633212913,0.0010000000474974513,1.281345935999525
192,0.008016693963095395,0.008433735408735547,0.0010000000474974513,1.02886751799997
193,0.00812655228419035,0.00818678477186371,0.0010000000474974513,0.9025082050002311
194,0.00798090683428025,0.008567337048324672,0.0010000000474974513,0.9051661780003997
195,0.007985783596758288,0.010164740825579926,0.0010000000474974513,0.9013500030005162
196,0.008791031473965356,0.00871923056600446,0.0010000000474974513,0.9139432060001127
197,0.008170367856619735,0.007970121540975842,0.0010000000474974513,0.912980671000696
198,0.007871328279225513,0.008758386385373094,0.0010000000474974513,0.8915642289994139
199,0.008038173729698063,0.009303701783276417,0.0010000000474974513,0.9029854749996957
200,0.008204034691306476,0.00807753605344756,0.0010000000474974513,0.9087947360003454
201,0.0077948900706037525,0.008013040000911463,0.0010000000474974513,0.9297773829994185
202,0.007764447749488883,0.009074886663901535,0.0010000000474974513,0.931856326000343
203,0.007878711067629282,0.008102233331142501,0.0010000000474974513,1.1893486130002202
204,0.007747069972031044,0.00829667790623551,0.0010000000474974513,1.2648702469996351
205,0.0077725412714787405,0.008255688846111298,0.0010000000474974513,1.1035552849998567
206,0.007690503402465723,0.008052480677989396,0.0010000000474974513,0.8983468599999469
207,0.007732302955467793,0.007872979635034095,0.0010000000474974513,0.9145435130003534
208,0.007582530709805111,0.007821157786317846,0.0010000000474974513,0.9033915449999768
209,0.007557846705118815,0.007799599311229858,0.0010000000474974513,0.8977172209997661
210,0.00754354461582271,0.007987445398149166,0.0010000000474974513,0.8968624629997066
211,0.007572490585597878,0.007776858793063598,0.0010000000474974513,0.8941557870002725
212,0.007499586245051338,0.00777049844830551,0.0010000000474974513,0.8952712739992421
213,0.0075178467627200814,0.008009573474357073,0.0010000000474974513,0.8950946320001094
214,0.0074515160081613345,0.007854489715431224,0.0010000000474974513,0.8976521069998853
215,0.0075427584515677555,0.008670195780525154,0.0010000000474974513,0.8964005130001169
216,0.007466837997965339,0.009383159689605236,0.0010000000474974513,1.0869778879996375
217,0.007607115237324527,0.009131570769981905,0.0010000000474974513,1.283311271000457
218,0.007610407707717282,0.008491168175400658,0.0010000000474974513,1.269717741999557
219,0.008029334635069274,0.007947544224390929,0.0010000000474974513,0.9059405699999843
220,0.007393752661492889,0.010003707176921043,0.0010000000474974513,0.9046022669999729
221,0.00780695294522326,0.007846815790981055,0.0010000000474974513,0.894989906999399
222,0.007295114939674886,0.008110201092098247,0.0010000000474974513,0.9225911209996411
223,0.007264020563501501,0.007564865950156342,0.0010000000474974513,0.9018059829995764
224,0.0072098731595132285,0.007846442389894615,0.0010000000474974513,0.8872135680003339
225,0.007233676401214668,0.007746573279357769,0.0010000000474974513,0.899003554999581
226,0.00715524432547265,0.00845080441371961,0.0010000000474974513,0.9025261349997891
227,0.007290125421439658,0.007550458483059298,0.0010000000474974513,0.9047969940002076
228,0.007122768067475722,0.007754273738034747,0.0010000000474974513,0.9055928990001121
229,0.007135475253943441,0.007787885220552033,0.0010000000474974513,1.0137225120006406
230,0.007120217713104053,0.0075468661729246374,0.0010000000474974513,1.2761631280000074
231,0.0070819585432960125,0.0076979740184139125,0.0010000000474974513,1.3131910040001458
232,0.0071244600112314775,0.007586384551938285,0.0010000000474974513,0.9097850729995116
233,0.007009791584390683,0.007677572576159781,0.0010000000474974513,0.905030908000299
234,0.007049647606532983,0.008619094724682244,0.0010000000474974513,0.901194626000688
235,0.007394880592848115,0.008251959127797321,0.0010000000474974513,0.9107512969994787
236,0.007173214204897885,0.007850820321420376,0.0010000000474974513,0.9015266850001353
237,0.006952262274946027,0.007519115698100491,0.0010000000474974513,0.9024002530004509
238,0.006957399966979167,0.009441871356896378,0.0010000000474974513,0.907566726999903
239,0.007500647417573817,0.007516444051130252,0.0010000000474974513,0.8889541199996529
240,0.006933331117347535,0.007458786006000909,0.0010000000474974513,0.9046930410004279
241,0.006865502911861296,0.007864183919842947,0.0010000000474974513,0.9016352320004444
242,0.00691368433173357,0.00829784191552211,0.0010000000474974513,0.9177238439997382
243,0.00700996222633003,0.0076335178772834215,0.0010000000474974513,1.2766035829999964
244,0.006928610994546402,0.007517752876843919,0.0010000000474974513,1.3064725819995147
245,0.006906615534847483,0.007396465446799993,0.0010000000474974513,0.9762509960000898
246,0.006766736496754166,0.007393045782704245,0.0010000000474974513,0.9057410979994529
247,0.006809124972150733,0.007511304026808251,0.0010000000474974513,0.9062105879993396
248,0.006802239834334112,0.008572385934266177,0.0010000000474974513,0.9201910339997994
249,0.00689966415070775,0.007493737323040312,0.0010000000474974513,0.8993528800001513
250,0.006747636844338191,0.007867944871329448,0.0010000000474974513,0.901928364000014
251,0.006771915430635816,0.00742878331379457,0.0010000000474974513,0.8963487930004703
252,0.006705858375162187,0.007654941979457031,0.0010000000474974513,0.8936004880006294
253,0.006782370762717644,0.007436260343952612,0.0010000000474974513,0.8838483110002926
254,0.006787373359826227,0.007417833369055932,0.0010000000474974513,0.9013221280001744
255,0.0066535468655403215,0.007768012164160609,0.0010000000474974513,0.9105030330001682
256,0.006945101270947593,0.0074511509304019535,0.0010000000474974513,1.2371331660006035
257,0.006709784657164455,0.007406203630803661,0.0010000000474974513,1.27726595599961
258,0.006655380745176916,0.007832615784454074,0.0010000000474974513,1.1310689270003422
259,0.006738888749269524,0.007839843795888804,0.0010000000474974513,0.8920769079995807
260,0.0066757668808779935,0.0075259289450266146,0.0010000000474974513,0.912904712999989
261,0.006655190385602139,0.007205399925905195,0.0010000000474974513,0.8998595560005924
262,0.006554430593369585,0.007620118025012992,0.0010000000474974513,0.8943838739996863
263,0.006574986299330538,0.00736255750737407,0.0010000000474974513,0.8947632029994566
264,0.00656781657809009,0.0073685789777135306,0.0010000000474974513,0.8964864319996195
265,0.006526175271468833,0.007537704028866507,0.0010000000474974513,0.8950639470003807
266,0.006644090062088838,0.007301084688779983,0.0010000000474974513,0.8974459000000934
267,0.006509716138745398,0.007694604379040274,0.0010000000474974513,0.8814602040001773
268,0.006828033492307772,0.007966461599889127,0.0010000000474974513,0.8932052539994402
269,0.006877190328331708,0.007366057908670468,0.0010000000474974513,1.117860422999911
270,0.006436996149770941,0.0077859376260841434,0.0010000000474974513,1.2782594820000668
271,0.006469242994544984,0.00751278289085762,0.0010000000474974513,1.2411151159994915
272,0.006445326549926089,0.007316951432519338,0.0010000000474974513,0.8928939529996569
273,0.006388187369062041,0.007219453253359957,0.0010000000474974513,0.9131211120002263
274,0.006377625557396448,0.0072528753641315485,0.0010000000474974513,0.9119169769992368
275,0.006333993897782733,0.007344327951696786,0.0010000000474974513,0.9083932829998957
276,0.006324890075684196,0.007872849326072769,0.0010000000474974513,0.8971955030001482
277,0.006610916008175624,0.007218418676744808,0.0010000000474974513,0.907507261000319
278,0.006319413643850873,0.007170993830500678,0.0010000000474974513,0.8987625370000387
279,0.006279285512927305,0.00751942128197036,0.0010000000474974513,0.9223531529996762
280,0.006359677627833202,0.007252980705181306,0.0010000000474974513,0.9190594020001299
281,0.006384137330156585,0.007783566775139083,0.0010000000474974513,0.9119932319999862
282,0.006465551921727782,0.008180095568637956,0.0010000000474974513,1.0446515330004331
283,0.006862886132992277,0.007583019391379573,0.0010000000474974513,1.2583999729995412
284,0.006451380574254175,0.0070877123454755,0.0010000000474974513,1.2805362359995343
285,0.006241608937631552,0.007303863010284575,0.0010000000474974513,0.8962032870003895
286,0.006298719231377948,0.007688246917148883,0.0010000000474974513,0.9108612540003378
287,0.006354706720370636,0.007126036654649811,0.0010000000474974513,0.8781807069999559
288,0.0061984049142510805,0.007215485764159398,0.0010000000474974513,0.8987012449997565
289,0.00624624450976399,0.007386600315062837,0.0010000000474974513,0.9189113350003026
290,0.006298775346667477,0.00866266583007845,0.0010000000474974513,0.9269804519999525
291,0.006533857967723349,0.0072036978873339565,0.0010000000474974513,0.9242516450003677
292,0.006158511200951105,0.00714988509955054,0.0010000000474974513,0.9109535500001584
293,0.006099321599359865,0.007452575278214433,0.0010000000474974513,0.9030282680005257
294,0.00622961342366105,0.0073791521813043135,0.0010000000474974513,0.9071030940003766
295,0.006132636322492502,0.007825409714132547,0.0010000000474974513,0.9916337469994687
296,0.0062614601003852756,0.007281346195800738,0.0010000000474974513,1.266554541000005
297,0.006099359660349812,0.007546090677549893,0.0010000000474974513,1.3275856509999358
298,0.006204246621240269,0.007519861281087453,0.0010000000474974513,0.9001137499999459
299,0.006235030691518827,0.007004893986000256,0.0010000000474974513,0.9162180260000241
300,0.006086151696214772,0.007140399744226174,0.0010000000474974513,0.9008434449997367
301,0.006089558520852917,0.007550312172282826,0.0010000000474974513,0.9035048149999056
302,0.006215418113351671,0.007226057875562798,0.0010000000474974513,0.8845677300005264
303,0.006074858686199995,0.0075920718764378265,0.0010000000474974513,0.8934505359993636
304,0.006105424662242935,0.007004370595413176,0.0010000000474974513,0.9004519260006418
305,0.005998103692375048,0.008209212039681998,0.0010000000474974513,0.8993324629991548
306,0.0060705587222720635,0.00804988736371425,0.0010000000474974513,0.9945221640000454
307,0.006383348781527695,0.007095900427719409,0.0010000000474974513,0.9619992940006341
308,0.0059675355687085225,0.007777864282781427,0.0010000000474974513,1.0353265500007183
309,0.006223728159687134,0.007139077291569927,0.0010000000474974513,1.2680633620002482
310,0.006032510838449402,0.007009520309723237,0.0010000000474974513,1.360885916999905
311,0.0059164952681798125,0.0071977805515581915,0.0010000000474974513,0.9287254629998642
312,0.006349086597285889,0.007296801447360353,0.0010000000474974513,0.9096787939997739
313,0.00605717663719046,0.007316552415828813,0.0010000000474974513,0.897233175999645
314,0.006013786860362247,0.007260341531681744,0.0010000000474974513,0.8977732359999209
315,0.005960765997079587,0.007325945227322253,0.0010000000474974513,0.9018583269998999
316,0.005950070029181061,0.008114954545585947,0.0010000000474974513,0.893978378000611
317,0.006159389967832602,0.007128801467743787,0.0010000000474974513,0.9300133930000811
318,0.0059735384686953495,0.007547677397219972,0.0010000000474974513,0.9185696599997755
319,0.006078109058115619,0.007056252666833726,0.0010000000474974513,0.8985466849999284
320,0.005912779370316552,0.007442287474193356,0.0010000000474974513,0.919714596000631
321,0.006204374464046875,0.0070438232061199165,0.0010000000474974513,0.9067951679999169
322,0.005819686622035874,0.006906082972206852,0.0010000000474974513,1.2945526530002098
323,0.005795275995802598,0.007006185582246293,0.0010000000474974513,1.2989261279999482
324,0.005791020595879366,0.006903547717427665,0.0010000000474974513,1.0265949340000589
325,0.005825218486063408,0.007337951715188948,0.0010000000474974513,0.9055765720004274
326,0.005857776681256014,0.007431677182797681,0.0010000000474974513,0.8969678379999095
327,0.0058461701911983865,0.007447435706853867,0.0010000000474974513,0.8978660749999108
328,0.005847697463764586,0.007221637666225434,0.0010000000474974513,0.8858961480000289
329,0.005788987106032143,0.0073603191963312305,0.0010000000474974513,0.8908648579999863
330,0.0059061959912053465,0.007126637709073045,0.0010000000474974513,0.9164754789999279
331,0.00577346015433069,0.006900635107674382,0.0010000000474974513,0.8943450240003585
332,0.005716960182921453,0.007197981192307038,0.0010000000474974513,0.8777490709999256
333,0.005804994059883384,0.007394318477335301,0.0010000000474974513,0.8894361440006833
334,0.005873541964989419,0.007116305332800204,0.0010000000474974513,0.9005910570003834
335,0.005724864856336855,0.0077343016481873665,0.0010000000474974513,1.1473323500003971
336,0.005784075053578073,0.007180467929521745,0.0010000000474974513,1.311643240000194
337,0.005803454986927084,0.007293491095135158,0.0010000000474974513,1.1864314270005707
338,0.00577258960964779,0.007249256562102925,0.0010000000474974513,0.8898800849992767
339,0.005814919637936334,0.007067084883932363,0.0010000000474974513,0.9222619219999615
340,0.005649962959817363,0.007272787857800722,0.0010000000474974513,0.94419162199938
341,0.005784924749774162,0.006938589067960328,0.0010000000474974513,0.913443780000307
342,0.0056362594712387635,0.0069132112516936935,0.0010000000474974513,0.9145662780001658
343,0.0056406530404858515,0.007950841152871197,0.0010000000474974513,0.9086678519997804
344,0.0060188993684922405,0.007903964864090085,0.0010000000474974513,0.9074273890000768
345,0.0057448734650357,0.007135075453499501,0.0010000000474974513,0.9058014880001792
346,0.0056077090172906114,0.0069618380205197766,0.0010000000474974513,0.9055285989998083
347,0.0055885051624843165,0.007758735518225215,0.0010000000474974513,0.8997393669997109
348,0.005875426628328986,0.006985324240204963,0.0010000000474974513,1.1305542489999425
349,0.005649929989242192,0.00725728278471665,0.0010000000474974513,1.2702408799996192
350,0.005631245525008199,0.007208543613722379,0.0010000000474974513,1.2265047949995278
351,0.005857643658539863,0.007002839026972652,0.0010000000474974513,0.9537245109995638
352,0.005684307219981144,0.007045758469030261,0.0010000000474974513,0.9261356039996826
353,0.005743444222981982,0.007288484546271237,0.0010000000474974513,0.8954681519999212
354,0.005689886703096355,0.007034465598619797,0.0010000000474974513,0.8957307830005448
355,0.005558361244146471,0.008006229484453797,0.0010000000474974513,0.9057468780001727
356,0.005807863626259094,0.007138664123009552,0.0010000000474974513,0.9194270140005756
357,0.005524512517457257,0.007001682112670758,0.0010000000474974513,0.9028060809996532
358,0.005528719770386564,0.007049043709412217,0.0010000000474974513,0.9211454360001881
359,0.005595887530130971,0.006920136185362935,0.0010000000474974513,0.8963808230000723
360,0.00549771403147516,0.006970225913788784,0.0010000000474974513,0.8958971880001627
361,0.005644988318974221,0.007048171957616102,0.0010000000474974513,1.0967321480002283
362,0.005511773442755444,0.006900719777596267,0.0010000000474974513,1.270078246000594
363,0.005557749397826917,0.006968883501196449,0.0010000000474974513,1.2384745790004672
364,0.005477262733798938,0.0071878383952108296,0.0010000000474974513,0.9024123979997967
365,0.00553201810340789,0.007281570936637846,0.0010000000474974513,0.9025739099997736
366,0.00560040128364005,0.006911438927901062,0.0010000000474974513,0.8948733389997869
367,0.005591564305308542,0.007010297528044744,0.0010000000474974513,0.9287561060000371
368,0.005438215027654211,0.007001273024996573,0.0010000000474974513,0.8922335500001282
369,0.005417081392260412,0.006824965766546401,0.0010000000474974513,0.9025160999999571
370,0.005407106917765405,0.007264702927998521,0.0010000000474974513,0.903192093999678
371,0.0054936177940154915,0.0071370275945148685,0.0010000000474974513,0.9155598090001149
372,0.005585964963040769,0.006928737770596689,0.0010000000474974513,0.9020378369996251
373,0.005373057433990417,0.006837983992458744,0.0007000000332482159,0.920830498000214
374,0.005340581258715002,0.007400529014623978,0.0007000000332482159,1.012505541999417
375,0.00539040305830463,0.006906182047995654,0.0007000000332482159,1.254627984999388
376,0.0052873494979370425,0.006968000074001876,0.0007000000332482159,1.3076199280003493
377,0.005290229387443375,0.0070647896055809475,0.0007000000332482159,0.8984363130002748
378,0.005272949452853765,0.007079515064304525,0.0007000000332482159,0.904933613999674
379,0.005300801701856281,0.007355345264923843,0.0007000000332482159,0.9045206869996036
380,0.005481992270044907,0.006885165221650492,0.0007000000332482159,0.9134617239997169
381,0.005248139180581678,0.007085318969223987,0.0007000000332482159,0.898531023999567
382,0.005272480840935852,0.007229555482891473,0.0007000000332482159,0.8938635039994551
383,0.005310384400364526,0.006988998934287917,0.0007000000332482159,0.9164358859998174
384,0.0052768091703780775,0.007266394793987274,0.0007000000332482159,0.9274042500001087
385,0.005343598766622419,0.0069409937301481315,0.0007000000332482159,0.899656139000399
386,0.005240162192194751,0.007430977514013648,0.0007000000332482159,0.8991061300002912
387,0.005524675427506417,0.007036599377170205,0.0007000000332482159,0.8994941000000836
388,0.005251118690967058,0.006989099631424654,0.0007000000332482159,1.280661499999951
389,0.005328189814306469,0.0068134845065122305,0.0007000000332482159,1.297490623000158
390,0.005200240862577752,0.007020936148579825,0.0007000000332482159,0.9789566719991853
391,0.005220175629186911,0.006865831070833586,0.0007000000332482159,0.9055233879998923
392,0.005222684302075644,0.0071233058771626515,0.0007000000332482159,0.9263721899997108
393,0.0052015836726911745,0.008480403246358037,0.0007000000332482159,0.8938769309997951
394,0.0055458973980311195,0.007390741241926496,0.0007000000332482159,0.8955869470000835
395,0.005344588460639019,0.006800164498219436,0.0007000000332482159,0.90793196300001
396,0.005177203350126593,0.006941456864164634,0.0007000000332482159,0.8833719750000455
397,0.005169667086222206,0.0069658990314399654,0.0007000000332482159,0.877282543999172
398,0.005189206254659126,0.006860149059106003,0.0007000000332482159,0.891584850000072
399,0.0051520205309194345,0.006910828340121291,0.0007000000332482159,0.9304878969996935
400,0.005195154386073953,0.006981118992817672,0.0007000000332482159,0.9013741959997787
401,0.005150208024414702,0.006963085362010382,0.0007000000332482159,1.2232788470000742
402,0.005242313176631827,0.006905105460265821,0.0007000000332482159,1.3006972470002438
403,0.005160186404976931,0.007091487673195926,0.0007000000332482159,1.1097932359998595
404,0.00518606682016392,0.007058046491477977,0.0007000000332482159,0.9076320000003761
405,0.005144936621239289,0.007296325926753608,0.0007000000332482159,0.9027983400001176
406,0.005260880882742028,0.00831976700997488,0.0007000000332482159,0.899499348000063
407,0.005590654054487294,0.007138267460025169,0.0007000000332482159,0.8961286430003383
408,0.00529032030299632,0.006821501750329678,0.0007000000332482159,0.8965775299993766
409,0.005107586904544922,0.006915359499610283,0.0007000000332482159,0.9098104590002549
410,0.00518018215976229,0.0069310191764750265,0.0007000000332482159,0.8967498570000316
411,0.005125918562778018,0.00691473258828575,0.0007000000332482159,0.9186589029995957
412,0.005081447365659255,0.006949261186475104,0.0007000000332482159,0.9103365780001695
413,0.00510927807693354,0.00679548406465487,0.0007000000332482159,0.9140943259999403
414,0.005109162321000639,0.007207774747671051,0.0007000000332482159,1.1240741679994244
415,0.005156162433790338,0.007094937342811715,0.0007000000332482159,1.2670375810002952
416,0.005141960509679584,0.006887713074684143,0.0007000000332482159,1.1635022269992987
417,0.005046803239256345,0.006965296660465273,0.0007000000332482159,0.8939608079999743
418,0.005087830749080087,0.006926055430349978,0.0007000000332482159,0.9065895379999347
419,0.0050664543706660315,0.007037120875479146,0.0007000000332482159,0.8953176980003263
420,0.005070746900444781,0.007037371397018433,0.0007000000332482159,0.9078514659995562
421,0.005084010584543299,0.006946657322855159,0.0007000000332482159,0.8951336870004525
422,0.005073900455138599,0.006848669174889272,0.0007000000332482159,0.8878849040002024
423,0.005041199306509009,0.0070570298978550865,0.0007000000332482159,0.9048393870007203
424,0.005252583471788501,0.0068783484653315765,0.0007000000332482159,0.885391066000011
425,0.005030321701577165,0.006809643253853376,0.0007000000332482159,0.9143808930002706
426,0.00501035812947435,0.006974475284699689,0.0007000000332482159,0.9248509949993604
427,0.005007982310660259,0.007172004222361879,0.0007000000332482159,1.064968219999173
428,0.0050982185805009475,0.007243425640362231,0.0007000000332482159,1.2661636349994296
429,0.005086244324516969,0.007146215531975031,0.0007000000332482159,1.2970356730002095
430,0.005065220588260026,0.007482745346020569,0.0007000000332482159,0.9215990470001998
431,0.0051036759553107144,0.006933535948734392,0.0007000000332482159,0.9047279659998821
432,0.005003925734873773,0.006962694778022441,0.0007000000332482159,0.9141938029997618
433,0.005034683100057622,0.006846505873413248,0.0007000000332482159,0.9180658049999693
434,0.00504737930108953,0.007176908317276022,0.0007000000332482159,0.905269300999862
435,0.00512371067415534,0.007059019431471825,0.0007000000332482159,0.9254447159992196
436,0.004967939667090121,0.00750790911895985,0.0007000000332482159,0.9400591580006221
437,0.0052447185351165255,0.006898409898646853,0.0007000000332482159,0.9599169309994977
438,0.004965448423417329,0.007238677135584029,0.0007000000332482159,0.9604200740004671
439,0.005038678266597215,0.007085395312275399,0.0007000000332482159,0.9562227699998402
440,0.005083033821799538,0.0068740881217474285,0.0007000000332482159,1.1928808889997526
441,0.005060184209196756,0.007028527562083169,0.0007000000332482159,1.3179542009993384
442,0.004946128594616949,0.006944294650615616,0.0007000000332482159,1.2153638099998716
443,0.004955216748420438,0.008424104961820625,0.0007000000332482159,0.9234618680002313
444,0.00567126762159545,0.006868809681724418,0.0007000000332482159,0.9367157360002238
445,0.004928583975580304,0.007355366655710069,0.0007000000332482159,0.9536234719998902
446,0.005044891930966064,0.006787838566709649,0.0004900000058114529,0.9087070080004196
447,0.004851897053345286,0.006842894775962288,0.0004900000058114529,0.922333625999272
448,0.00485125276702221,0.00687259283255447,0.0004900000058114529,0.9165739860000031
449,0.0048344329074150585,0.007027619327841835,0.0004900000058114529,0.8887812400007533
450,0.0049249246342715994,0.006810066184367646,0.0004900000058114529,0.9266047159999289
451,0.004861473503337565,0.0068910531022331935,0.0004900000058114529,0.918647857999531
452,0.004838148213151579,0.006888339003886689,0.0004900000058114529,0.9732912169993142
453,0.004831207923290104,0.006863671680912375,0.0004900000058114529,1.1291518500001985
454,0.004876431299291978,0.006957251917232166,0.0004900000058114529,1.2791117520000626
455,0.004833885006644208,0.006931691510941494,0.0004900000058114529,1.2073625169996376
456,0.004822102076678164,0.006873244512826204,0.0004900000058114529,0.9025978969993957
457,0.004853088282964346,0.006941322948444973,0.0004900000058114529,0.9306039270004476
458,0.004838698498766732,0.0070398466830903835,0.0004900000058114529,0.9069460079999772
459,0.0049705286009193266,0.0068734630180353464,0.0004900000058114529,0.9178707730006863
460,0.004820041705882459,0.0069047273009676825,0.0004900000058114529,0.9059635390003677
461,0.004801245251363175,0.006963741470297629,0.0004900000058114529,0.9035696699993423
462,0.0048433949546857116,0.006902387386865236,0.0004900000058114529,0.9582038369999282
463,0.004806561669341041,0.006949568946253169,0.0004900000058114529,0.917810912999812
464,0.004818896891091408,0.006854152171449228,0.0004900000058114529,0.9078122539995093
465,0.004830845117769659,0.007008519688282501,0.0004900000058114529,0.8909585790006531
466,0.004815559442898239,0.006847501931373369,0.0004900000058114529,1.1073142039995219
467,0.004841205142093477,0.006850103161890398,0.0004900000058114529,1.2469271040008607
468,0.004789570605238078,0.006841162304309281,0.0004900000058114529,1.2540060430001176
469,0.004771095383097026,0.006983470315621658,0.0004900000058114529,0.8997978510005851
470,0.004867537833643632,0.006824108348651366,0.0004900000058114529,0.9126281879998714
471,0.004799195252239754,0.007147207056087526,0.0004900000058114529,0.8748447890002353
472,0.004799168318579042,0.006864089802415534,0.0004900000058114529,0.8883281050002552
473,0.004795852923132354,0.0069516931745139034,0.0004900000058114529,0.895299442000578
474,0.004830757770750057,0.00690884049558504,0.0004900000058114529,0.9140744440001072
475,0.0049101009320229394,0.007026113544336774,0.0004900000058114529,0.8978872540001248
476,0.0047842574130229475,0.0069254104259677905,0.0004900000058114529,0.9308068709997315
477,0.0047762846601782025,0.006914196582511067,0.0004900000058114529,0.905098337999334
478,0.004761018255029363,0.006905894684181972,0.0004900000058114529,0.9056174899997131
479,0.004802617499046655,0.007112096868116747,0.0004900000058114529,1.014763561000109
480,0.005062288195145652,0.00682433245449581,0.0004900000058114529,1.2774023499996474
481,0.0047828158008104025,0.00704875438135456,0.0004900000058114529,1.3105852629996662
482,0.0047797271216394824,0.006845332440835509,0.0004900000058114529,0.9045561330003693
483,0.0047228428405656254,0.006871776689182628,0.0004900000058114529,0.9013960530000986
484,0.004717850703495219,0.006811497843062336,0.0004900000058114529,0.904349325000112
485,0.004719571242083855,0.007164745092053305,0.0004900000058114529,0.8816341890005788
486,0.004749458198896562,0.006815808473832228,0.0004900000058114529,0.9067511809998905
487,0.004717573989119995,0.007355780154466629,0.0004900000058114529,0.8966557069998089
488,0.005019953378385266,0.00703757393851199,0.0004900000058114529,0.9014610609992815
489,0.004731680113910023,0.00685420333492485,0.0004900000058114529,0.9134658940001827
490,0.004718980095553077,0.007745484402403235,0.0004900000058114529,0.8984506159995362
491,0.004918162736427102,0.007082997723905878,0.0004900000058114529,0.9185959959995671
492,0.004745064064333535,0.007232156759974631,0.0004900000058114529,0.9088243340002009
493,0.004739335010561979,0.007162697964601896,0.0004900000058114529,1.3577889719999803
494,0.0047330250596056885,0.006885345695032315,0.0004900000058114529,1.302743592999832
495,0.004705905365045825,0.0069797763346948405,0.0004900000058114529,1.0135368689998359
496,0.004759372069252661,0.0067577534990215845,0.0003429999924264848,0.9102577069998006
497,0.004671456827013832,0.0068377141375094656,0.0003429999924264848,0.9014883840000039
498,0.004641668261326724,0.006870398433371024,0.0003429999924264848,0.8984611490004681
499,0.0046902008344002245,0.0068226335824213245,0.0003429999924264848,0.9231626790005976
500,0.004651856099910758,0.00687901770950041,0.0003429999924264848,0.897204652000255
501,0.00463481972790527,0.0068501282229342245,0.0003429999924264848,0.9151564710000457
502,0.004638840719580851,0.006974149338731712,0.0003429999924264848,0.922369580999657
503,0.004792287354624081,0.006814479137855497,0.0003429999924264848,0.9073723860001337
504,0.004658103729206254,0.006761660841716962,0.0003429999924264848,0.9025911570006429
505,0.004632172167288635,0.006804922155358575,0.0003429999924264848,0.9135451820002345
506,0.004633692723984268,0.00685156689194793,0.0003429999924264848,1.2174808520003353
507,0.0046209620860615365,0.006784782033752311,0.0003429999924264848,1.271432501000163
508,0.004615468353547331,0.006821379869837652,0.0003429999924264848,1.112629258999732
509,0.004627955183763095,0.006826112901961261,0.0003429999924264848,0.9105031649996818
510,0.004638789552969463,0.006866813561117107,0.0003429999924264848,0.9209757240005274
511,0.004614818460411496,0.006961244120347229,0.0003429999924264848,0.9008250480001152
512,0.0046487351262985855,0.007186762759969993,0.0003429999924264848,0.8963358270002573
513,0.0046625150326225495,0.007041500589217652,0.0003429999924264848,0.90513897099936
514,0.004675535952252169,0.007443982286548073,0.0003429999924264848,0.9075280269998984
515,0.004723580198343655,0.006997523888606917,0.0003429999924264848,0.9017103779997342
516,0.0046537145101763185,0.006833588420836763,0.0003429999924264848,0.9067382029998043
517,0.004601282785624667,0.006867664988914674,0.0003429999924264848,0.9100938190003944
518,0.004598104788385558,0.0069018118760802525,0.0003429999924264848,0.9041116979997241
519,0.004650113530933656,0.006947712231935425,0.0003429999924264848,1.1325968780001858
520,0.004603558625172987,0.006803089477629824,0.0003429999924264848,1.2678647399998226
521,0.004600689211070086,0.006775220411575653,0.0003429999924264848,1.1886726129996532
522,0.004585574814667204,0.0068622294813394545,0.0003429999924264848,0.903219363000062
523,0.004624298697318694,0.0068875758993354715,0.0003429999924264848,0.9070155219997105
524,0.004584920596180841,0.006952127065001564,0.0003429999924264848,0.9034935370000312
525,0.004626122322058938,0.006854362019591711,0.0003429999924264848,0.9060314479993394
526,0.0046817283692960985,0.006958265416324138,0.0003429999924264848,0.9039111290003348
527,0.004665238906814394,0.006900557981465351,0.0003429999924264848,0.9219184680005128
528,0.004582335123986708,0.006804407100108537,0.0003429999924264848,0.9018954330003908
529,0.004578981800726066,0.007123202504590154,0.0003429999924264848,0.8812415879992841
530,0.004726728989808547,0.0067823236427185215,0.0003429999924264848,0.9016199990001041
531,0.004628109946589829,0.006907279416918754,0.0003429999924264848,0.9087489599996843
532,0.004567438151173118,0.007053812669420784,0.0003429999924264848,1.0350055850003628
533,0.0046681765153351856,0.00685492215085436,0.0003429999924264848,1.2514598440002374
534,0.004556306844878227,0.0068270336878909306,0.0003429999924264848,1.3101255029996537
535,0.0045811829342183846,0.006976941003548828,0.0003429999924264848,0.8992243339998822
536,0.004610135997974813,0.006886200081895698,0.0003429999924264848,0.9020432150000488
537,0.004586056919693195,0.007207213803617792,0.0003429999924264848,0.9128003450005053
538,0.004568281185527894,0.0069846607406031,0.0003429999924264848,0.9174129339999126
539,0.004552799049476381,0.006924419862810861,0.0003429999924264848,0.8924876440005391
540,0.004575732365651965,0.006934985480355945,0.0003429999924264848,0.9087980770000286
541,0.004575459518679967,0.006927817611193115,0.0003429999924264848,0.9005654359998516
542,0.004591772396067276,0.006863851836797866,0.0003429999924264848,0.9108569109994278
543,0.004546477333658221,0.006938737872141329,0.0003429999924264848,0.9007306510002309
544,0.004543411887191261,0.006839445373043418,0.0003429999924264848,0.8931816759995854
545,0.00455619649729544,0.006815924537791447,0.0003429999924264848,0.9571013340000718
546,0.0045273477490677776,0.006938926786692305,0.00024009999469853938,1.2898942360006913
547,0.004509596711758411,0.006922106110406193,0.00024009999469853938,1.335279421999985
548,0.004511406913161378,0.006951972837983207,0.00024009999469853938,0.9745439239995903
549,0.004523241126326599,0.006862197037447583,0.00024009999469853938,0.8881541569999172
550,0.004518194157592576,0.006862055451016535,0.00024009999469853938,0.8980436130004819
551,0.004502164590100347,0.006929128045554865,0.00024009999469853938,0.8947631239998373
552,0.004508674291498733,0.006921269147741524,0.00024009999469853938,0.9226066540004467
553,0.004554905032751586,0.006875120336189866,0.00024009999469853938,0.9087045080004827
554,0.004509395792992529,0.006962982764128934,0.00024009999469853938,0.9076189389998035
555,0.004552963551397275,0.0068779378198087215,0.00024009999469853938,0.9122855400000844
556,0.0044939679372114965,0.007028711566024206,0.00024009999469853938,0.9117549429993232
557,0.004508561214450935,0.006794978741725737,0.00024009999469853938,0.9367048949998207
558,0.004494712308601097,0.006906135930595073,0.00024009999469853938,0.9274378919999435
559,0.004530960345822653,0.006818661478940736,0.00024009999469853938,1.3278740609994202
560,0.004486858312241256,0.006905251491645521,0.00024009999469853938,1.3351608319999286
561,0.004490459708415398,0.006819442752748728,0.00024009999469853938,0.9982241239995346
562,0.004476035180492233,0.006879862994802269,0.00024009999469853938,0.9242745600004127
563,0.004511571639603136,0.00690830993804742,0.00024009999469853938,0.9198781499999313
564,0.004481372163671787,0.006872778153046965,0.00024009999469853938,0.9332641179998973
565,0.00448233174291825,0.006891335132108494,0.00024009999469853938,0.9391144800001712
566,0.004493822023642535,0.00699155345051126,0.00024009999469853938,0.9404369979993135
567,0.0045232581665193795,0.006897600016302683,0.00024009999469853938,0.8994179800001803
568,0.004501720650830252,0.0069354775954376564,0.00024009999469853938,0.9152807850005047
569,0.004482322898677704,0.006850908603519201,0.00024009999469853938,0.9029743030005193
570,0.004486430417934451,0.006852893023328348,0.00024009999469853938,0.910066168999947
571,0.004485284227075099,0.006868578434329141,0.00024009999469853938,0.9008608659996753
572,0.004472291563239313,0.006911298653788187,0.00024009999469853938,1.2840792589995544
573,0.00446104691285477,0.00707537833685902,0.00024009999469853938,1.287336544000027
574,0.0045099919631149035,0.0068862783341583885,0.00024009999469853938,1.0215643540004749
575,0.004492424701901799,0.006846823191947558,0.00024009999469853938,0.9059655300006852
576,0.004479169893495563,0.00701583741994744,0.00024009999469853938,0.9183601820004696
577,0.004488328398904616,0.00699214986525476,0.00024009999469853938,0.9095548200002668
578,0.004479710582944781,0.006903029372915625,0.00024009999469853938,0.9099965230007001
579,0.00447741169087363,0.006844888746061108,0.00024009999469853938,0.9689642149996871
580,0.004445640194019686,0.0069460756060752,0.00024009999469853938,0.9180443830000513
581,0.004451641330075284,0.006902761054648594,0.00024009999469853938,0.8894922499994209
582,0.0044603266820988875,0.007016005485572598,0.00024009999469853938,0.9123014329998114
583,0.004487554576837455,0.006877192808315158,0.00024009999469853938,0.8999329640000724
584,0.004453359020823732,0.006937026113949038,0.00024009999469853938,0.9394350570000825
585,0.004437275320442036,0.006928652139719237,0.00024009999469853938,1.223073801999817
586,0.00445027631177545,0.006927461486140435,0.00024009999469853938,1.2852143999998589
587,0.004445160952481357,0.006931935860352082,0.00024009999469853938,1.0938331799998195
588,0.004440265741726064,0.006923093443567102,0.00024009999469853938,0.9069090129996766
589,0.004427498221892851,0.006838045311583714,0.00024009999469853938,0.905008423000254
590,0.0044332936633478615,0.0068929147313941605,0.00024009999469853938,0.9000890810002602
591,0.004438704895953136,0.006939332060177218,0.00024009999469853938,0.8873136880001766
592,0.0044491293738511475,0.007139797318218784,0.00024009999469853938,0.8958563340002001
593,0.004513518285062729,0.006826172620904717,0.00024009999469853938,0.8949942799999917
594,0.004440268283327321,0.007130780502815138,0.00024009999469853938,0.9054667910004355
595,0.004503812451285595,0.006999949272722006,0.00024009999469853938,0.9058106270003918
596,0.004408576226188027,0.00688671202568168,0.00016806999337859452,0.9097585589997834
597,0.004420823946545019,0.0068733910691331735,0.00016806999337859452,0.9013320540007044
598,0.004455458265211847,0.006843935071744702,0.00016806999337859452,1.171243468999819
599,0.0044256743398002705,0.006832864469933239,0.00016806999337859452,1.2782534319994738
600,0.004403135355010077,0.006861583719199354,0.00016806999337859452,1.1925775279996742
601,0.004394746033493617,0.006815111861479553,0.00016806999337859452,0.9188011340002049
602,0.0043929153871455975,0.006864529797299341,0.00016806999337859452,0.9190108520006106
603,0.004390660425685722,0.006873982158404859,0.00016806999337859452,0.9017429039995477
604,0.004394811733911184,0.006913782533427531,0.00016806999337859452,0.8981270260001111
605,0.004401931292079515,0.006887537859041583,0.00016806999337859452,0.8983263770005578
606,0.004393412382827965,0.006868171387098053,0.00016806999337859452,0.8981540439999662
607,0.004401281501890885,0.006886113633994352,0.00016806999337859452,0.90782926600059
608,0.004387492664214788,0.006850728803229603,0.00016806999337859452,0.902806311999484
609,0.004401539733338637,0.006878817157650536,0.00016806999337859452,0.9018935730000521
610,0.004390693466470699,0.006914032407274301,0.00016806999337859452,0.898412301999997
611,0.004416443795335764,0.006882682836360552,0.00016806999337859452,1.0697706360006123
612,0.004383408467438988,0.006858553462238474,0.00016806999337859452,1.278291051999986
613,0.004393276633876643,0.006987935910001397,0.00016806999337859452,1.243347298000117
614,0.004392883028421137,0.007003513736311685,0.00016806999337859452,0.8922902459999023
615,0.004404649276110761,0.00685054127719592,0.00016806999337859452,0.8901860360001592
616,0.004397719369335759,0.00686166069724343,0.00016806999337859452,0.9023690200001511
